Source,Target
361,582
361,666
361,480
361,423
361,682
361,348
361,57
361,218
361,39
361,495
361,383
361,337
361,162
361,435
361,400
361,23
361,235
361,368
361,288
361,158
582,423
582,361
582,666
582,61
582,337
582,443
582,39
582,495
582,368
582,288
582,23
582,333
582,311
582,57
582,348
582,327
582,283
582,403
582,542
582,325
423,582
423,254
423,333
423,558
423,666
423,61
423,324
423,443
423,288
423,495
423,368
423,258
423,39
423,327
423,23
423,94
423,465
423,361
423,309
423,325
254,423
254,61
254,118
254,666
254,395
254,104
254,71
254,633
254,100
254,577
254,333
254,288
254,443
254,348
254,645
254,327
254,609
254,39
254,311
254,368
61,395
61,443
61,666
61,254
61,582
61,118
61,423
61,348
61,283
61,327
61,612
61,39
61,324
61,349
61,288
61,333
61,57
61,24
61,383
61,558
118,348
118,71
118,633
118,100
118,609
118,612
118,645
118,254
118,368
118,61
118,124
118,373
118,112
118,395
118,138
118,383
118,666
118,636
118,243
118,166
666,348
666,24
666,57
666,383
666,303
666,61
666,582
666,395
666,352
666,423
666,361
666,296
666,612
666,27
666,254
666,283
666,311
666,208
666,368
666,118
395,348
395,666
395,612
395,443
395,61
395,118
395,254
395,311
395,368
395,423
395,582
395,531
395,104
395,24
395,283
395,383
395,324
395,203
395,333
395,327
104,254
104,395
104,100
104,112
104,71
104,636
104,118
104,348
104,383
104,621
104,124
104,79
104,666
104,599
104,645
104,609
104,368
104,647
104,633
104,311
71,138
71,112
71,621
71,118
71,647
71,124
71,200
71,633
71,164
71,243
71,100
71,609
71,645
71,636
71,587
71,520
71,104
71,254
71,368
71,209
633,200
633,118
633,138
633,609
633,71
633,124
633,100
633,621
633,647
633,164
633,254
633,520
633,243
633,645
633,112
633,46
633,472
633,577
633,634
633,178
100,112
100,440
100,138
100,118
100,621
100,633
100,257
100,71
100,609
100,599
100,254
100,124
100,645
100,164
100,472
100,636
100,408
100,348
100,243
100,423
577,79
577,355
577,254
577,495
577,443
577,582
577,327
577,423
577,235
577,39
577,228
577,569
577,283
577,357
577,634
577,139
577,429
577,11
577,23
577,288
333,423
333,324
333,325
333,558
333,288
333,500
333,39
333,582
333,23
333,617
333,61
333,254
333,562
333,447
333,411
333,191
333,414
333,327
333,309
333,298
288,298
288,598
288,659
288,309
288,300
288,40
288,624
288,365
288,489
288,55
288,433
288,53
288,175
288,665
288,139
288,218
288,190
288,427
288,468
288,366
443,395
443,61
443,423
443,283
443,577
443,666
443,582
443,254
443,348
443,327
443,349
443,311
443,627
443,39
443,333
443,23
443,558
443,106
443,24
443,281
348,666
348,303
348,24
348,383
348,166
348,296
348,395
348,612
348,57
348,118
348,352
348,368
348,353
348,243
348,61
348,582
348,293
348,423
348,208
348,283
645,118
645,71
645,112
645,138
645,147
645,479
645,100
645,633
645,164
645,254
645,245
645,225
645,536
645,609
645,653
645,372
645,260
645,360
645,580
645,382
327,429
327,235
327,11
327,139
327,357
327,585
327,437
327,106
327,0
327,635
327,162
327,148
327,158
327,634
327,23
327,627
327,371
327,461
327,320
327,39
609,138
609,621
609,118
609,633
609,124
609,112
609,520
609,100
609,636
609,71
609,164
609,647
609,472
609,372
609,254
609,525
609,382
609,675
609,580
609,568
39,327
39,634
39,61
39,23
39,235
39,333
39,558
39,582
39,11
39,357
39,288
39,635
39,666
39,106
39,349
39,162
39,577
39,325
39,158
39,228
311,354
311,367
311,395
311,281
311,666
311,283
311,582
311,61
311,254
311,333
311,423
311,443
311,620
311,337
311,39
311,521
311,411
311,191
311,23
311,678
368,480
368,612
368,118
368,203
368,348
368,383
368,373
368,337
368,395
368,682
368,423
368,582
368,666
368,283
368,61
368,39
368,327
368,254
368,296
368,361
558,500
558,197
558,325
558,562
558,423
558,288
558,333
558,23
558,324
558,349
558,320
558,298
558,655
558,327
558,39
558,414
558,357
558,617
558,139
558,94
500,558
500,197
500,349
500,562
500,318
500,655
500,325
500,333
500,617
500,627
500,414
500,522
500,423
500,324
500,191
500,39
500,634
500,288
500,538
500,106
197,558
197,500
197,562
197,325
197,305
197,524
197,191
197,333
197,414
197,324
197,617
197,318
197,655
197,538
197,288
197,269
197,349
197,680
197,411
197,39
325,558
325,333
325,324
325,500
325,255
325,23
325,2
325,39
325,351
325,305
325,197
325,411
325,509
325,562
325,554
325,199
325,288
325,542
325,222
325,414
562,558
562,500
562,197
562,318
562,325
562,414
562,333
562,324
562,298
562,461
562,39
562,320
562,288
562,327
562,655
562,617
562,139
562,680
562,357
562,106
23,148
23,542
23,11
23,421
23,320
23,327
23,109
23,235
23,139
23,357
23,484
23,371
23,437
23,158
23,558
23,39
23,94
23,288
23,165
23,400
324,333
324,254
324,423
324,61
324,325
324,582
324,666
324,395
324,558
324,414
324,39
324,562
324,288
324,500
324,617
324,318
324,197
324,23
324,634
324,680
349,655
349,344
349,558
349,530
349,500
349,627
349,635
349,106
349,634
349,234
349,443
349,39
349,61
349,327
349,522
349,318
349,618
349,254
349,283
349,516
320,388
320,484
320,148
320,109
320,421
320,139
320,437
320,235
320,11
320,371
320,23
320,327
320,357
320,132
320,0
320,513
320,165
320,99
320,586
320,429
298,288
298,598
298,659
298,309
298,624
298,433
298,365
298,175
298,300
298,53
298,190
298,453
298,427
298,40
298,663
298,123
298,220
298,279
298,218
298,275
655,349
655,656
655,558
655,344
655,627
655,235
655,327
655,429
655,106
655,139
655,357
655,11
655,635
655,320
655,530
655,529
655,461
655,495
655,437
655,585
414,558
414,680
414,38
414,538
414,333
414,423
414,288
414,500
414,562
414,489
414,39
414,325
414,447
414,634
414,366
414,655
414,659
414,309
414,598
414,324
357,327
357,437
357,235
357,158
357,139
357,320
357,11
357,371
357,429
357,162
357,0
357,94
357,23
357,450
357,309
357,435
357,288
357,175
357,298
357,109
617,191
617,500
617,333
617,318
617,562
617,324
617,558
617,325
617,197
617,423
617,258
617,23
617,39
617,94
617,531
617,288
617,298
617,414
617,524
617,281
139,437
139,388
139,429
139,327
139,235
139,11
139,320
139,62
139,421
139,38
139,484
139,357
139,158
139,109
139,450
139,0
139,371
139,278
139,161
139,94
94,139
94,437
94,357
94,11
94,235
94,175
94,483
94,327
94,23
94,158
94,288
94,429
94,558
94,450
94,298
94,465
94,320
94,285
94,39
94,309
495,355
495,152
495,135
495,235
495,429
495,577
495,437
495,327
495,569
495,139
495,11
495,79
495,450
495,582
495,423
495,357
495,162
495,421
495,158
495,39
355,495
355,152
355,135
355,577
355,11
355,235
355,437
355,429
355,79
355,139
355,327
355,421
355,450
355,569
355,94
355,175
355,158
355,484
355,357
355,162
152,495
152,355
152,437
152,429
152,135
152,421
152,148
152,11
152,450
152,109
152,235
152,23
152,79
152,62
152,371
152,139
152,327
152,584
152,134
152,484
135,495
135,152
135,355
135,429
135,437
135,388
135,327
135,139
135,619
135,577
135,371
135,11
135,421
135,62
135,484
135,79
135,254
135,0
135,235
135,320
235,437
235,327
235,429
235,139
235,357
235,513
235,148
235,11
235,158
235,371
235,109
235,162
235,320
235,0
235,484
235,421
235,450
235,485
235,495
235,400
429,437
429,235
429,139
429,327
429,0
429,11
429,388
429,450
429,484
429,495
429,158
429,357
429,421
429,152
429,109
429,148
429,371
429,135
429,162
429,513
437,139
437,421
437,235
437,388
437,11
437,484
437,450
437,429
437,109
437,357
437,148
437,158
437,285
437,327
437,320
437,483
437,513
437,0
437,371
437,152
569,22
569,495
569,355
569,79
569,254
569,577
569,423
569,152
569,235
569,666
569,11
569,437
569,175
569,429
569,94
569,449
569,476
569,39
569,357
569,158
11,484
11,437
11,421
11,109
11,235
11,139
11,327
11,148
11,320
11,429
11,23
11,450
11,357
11,371
11,202
11,152
11,132
11,388
11,158
11,355
79,577
79,495
79,355
79,152
79,423
79,254
79,666
79,57
79,327
79,429
79,569
79,235
79,383
79,11
79,39
79,61
79,135
79,357
79,655
79,27
450,437
450,134
450,235
450,429
450,11
450,158
450,421
450,139
450,175
450,285
450,152
450,162
450,327
450,495
450,357
450,624
450,467
450,65
450,298
450,355
162,400
162,327
162,35
162,235
162,158
162,635
162,218
162,624
162,52
162,13
162,133
162,555
162,409
162,467
162,308
162,341
162,357
162,437
162,365
162,450
421,148
421,109
421,437
421,484
421,11
421,132
421,388
421,139
421,320
421,122
421,371
421,450
421,23
421,586
421,542
421,235
421,513
421,165
421,45
421,429
158,437
158,235
158,357
158,285
158,450
158,139
158,162
158,175
158,327
158,298
158,429
158,11
158,624
158,90
158,0
158,288
158,309
158,94
158,400
158,23
258,191
258,423
258,23
258,482
258,2
258,542
258,620
258,199
258,58
258,160
258,526
258,325
258,617
258,148
258,558
258,333
258,499
258,281
258,411
258,351
191,617
191,197
191,258
191,23
191,500
191,281
191,333
191,562
191,311
191,620
191,558
191,255
191,324
191,411
191,325
191,423
191,288
191,127
191,39
191,451
482,183
482,258
482,191
482,620
482,58
482,23
482,333
482,351
482,347
482,411
482,423
482,617
482,255
482,558
482,446
482,160
482,325
482,311
482,451
482,493
2,591
2,305
2,149
2,187
2,615
2,33
2,566
2,351
2,413
2,148
2,271
2,542
2,325
2,628
2,270
2,23
2,299
2,322
2,391
2,386
542,148
542,23
542,421
542,109
542,78
542,327
542,371
542,400
542,665
542,288
542,300
542,320
542,11
542,235
542,351
542,218
542,298
542,309
542,416
542,651
620,258
620,411
620,333
620,23
620,191
620,558
620,311
620,2
620,325
620,199
620,288
620,39
620,651
620,542
620,678
620,281
620,423
620,160
620,298
620,447
199,23
199,325
199,127
199,552
199,423
199,542
199,258
199,324
199,39
199,255
199,620
199,333
199,582
199,351
199,222
199,2
199,558
199,411
199,136
199,305
58,143
58,233
58,17
58,526
58,258
58,255
58,499
58,20
58,265
58,496
58,252
58,351
58,199
58,284
58,2
58,422
58,23
58,542
58,264
58,16
160,421
160,665
160,542
160,300
160,351
160,109
160,45
160,23
160,298
160,598
160,148
160,320
160,309
160,659
160,288
160,62
160,215
160,423
160,204
160,70
526,16
526,143
526,499
526,261
526,262
526,58
526,264
526,380
526,571
526,351
526,542
526,2
526,121
526,258
526,23
526,199
526,255
526,187
526,160
526,411
148,421
148,109
148,23
148,542
148,320
148,484
148,132
148,437
148,11
148,165
148,235
148,371
148,327
148,122
148,139
148,586
148,513
148,388
148,450
148,146
499,380
499,526
499,187
499,542
499,261
499,148
499,351
499,23
499,262
499,2
499,571
499,146
499,143
499,421
499,160
499,109
499,58
499,325
499,551
499,199
281,311
281,367
281,191
281,61
281,678
281,318
281,39
281,333
281,194
281,258
281,443
281,288
281,558
281,23
281,327
281,266
281,338
281,620
281,585
281,31
411,333
411,39
411,255
411,558
411,325
411,2
411,305
411,620
411,23
411,191
411,591
411,627
411,327
411,199
411,324
411,655
411,543
411,634
411,160
411,493
351,187
351,75
351,148
351,499
351,2
351,542
351,23
351,45
351,160
351,144
351,421
351,325
351,320
351,300
351,255
351,291
351,109
351,380
351,493
351,509
465,94
465,630
465,423
465,298
465,175
465,288
465,9
465,39
465,355
465,437
465,158
465,333
465,558
465,235
465,139
465,309
465,582
465,569
465,483
465,495
630,280
630,465
630,9
630,94
630,423
630,683
630,617
630,333
630,39
630,298
630,368
630,178
630,282
630,118
630,288
630,158
630,569
630,96
630,379
630,558
175,663
175,298
175,74
175,123
175,466
175,407
175,279
175,624
175,437
175,625
175,288
175,598
175,308
175,309
175,492
175,365
175,467
175,158
175,139
175,433
9,280
9,94
9,465
9,39
9,630
9,23
9,158
9,558
9,235
9,333
9,569
9,325
9,577
9,258
9,298
9,309
9,65
9,423
9,175
9,191
309,298
309,659
309,598
309,288
309,70
309,624
309,433
309,300
309,40
309,665
309,62
309,53
309,365
309,175
309,190
309,220
309,579
309,204
309,467
309,663
483,437
483,235
483,285
483,139
483,484
483,450
483,11
483,158
483,513
483,109
483,421
483,429
483,94
483,327
483,175
483,38
483,244
483,320
483,357
483,485
337,682
337,480
337,373
337,582
337,368
337,361
337,666
337,283
337,203
337,311
337,61
337,188
337,327
337,423
337,383
337,57
337,23
337,348
337,39
337,118
682,337
682,480
682,368
682,373
682,361
682,383
682,274
682,193
682,283
682,603
682,527
682,582
682,666
682,92
682,311
682,11
682,469
682,69
682,18
682,569
480,682
480,337
480,373
480,368
480,92
480,361
480,274
480,383
480,296
480,527
480,118
480,283
480,348
480,24
480,412
480,57
480,666
480,418
480,243
480,336
373,480
373,612
373,682
373,92
373,118
373,337
373,368
373,666
373,348
373,361
373,203
373,283
373,296
373,636
373,383
373,57
373,166
373,527
373,24
373,418
383,57
383,348
383,303
383,24
383,666
383,352
383,296
383,243
383,166
383,636
383,557
383,124
383,208
383,368
383,293
383,568
383,118
383,283
383,353
383,61
274,350
274,331
274,418
274,304
274,639
274,49
274,377
274,98
274,256
274,518
274,604
274,192
274,601
274,353
274,480
274,240
274,412
274,424
274,332
274,603
193,603
193,549
193,374
193,547
193,247
193,64
193,185
193,153
193,180
193,390
193,560
193,238
193,67
193,387
193,460
193,353
193,550
193,329
193,221
193,616
283,443
283,348
283,666
283,61
283,395
283,577
283,361
283,441
283,39
283,163
283,254
283,655
283,42
283,337
283,400
283,24
283,383
283,315
283,435
283,106
603,193
603,547
603,549
603,374
603,247
603,238
603,616
603,329
603,387
603,550
603,67
603,353
603,185
603,560
603,153
603,180
603,460
603,221
603,274
603,203
527,332
527,293
527,424
527,412
527,49
527,166
527,385
527,480
527,256
527,331
527,368
527,458
527,547
527,636
527,105
527,682
527,274
527,267
527,353
527,603
92,373
92,480
92,383
92,636
92,118
92,682
92,368
92,209
92,348
92,361
92,296
92,243
92,11
92,235
92,303
92,100
92,71
92,69
92,57
92,472
469,682
469,668
469,18
469,337
469,276
469,420
469,537
469,373
469,326
469,7
469,5
469,480
469,539
469,462
469,603
469,637
469,654
469,439
469,283
469,193
69,11
69,235
69,495
69,437
69,450
69,355
69,158
69,327
69,152
69,23
69,39
69,162
69,569
69,357
69,175
69,429
69,467
69,421
69,578
69,348
18,682
18,640
18,469
18,473
18,668
18,337
18,569
18,666
18,637
18,284
18,311
18,537
18,339
18,39
18,276
18,158
18,603
18,69
18,5
18,411
203,368
203,612
203,118
203,395
203,337
203,373
203,603
203,423
203,348
203,327
203,158
203,61
203,39
203,333
203,311
203,465
203,254
203,569
203,193
203,276
612,395
612,348
612,368
612,666
612,24
612,296
612,118
612,373
612,383
612,423
612,61
612,352
612,246
612,203
612,303
612,254
612,166
612,353
612,337
612,335
276,267
276,438
276,93
276,102
276,321
276,547
276,203
276,384
276,337
276,646
276,188
276,373
276,376
276,283
276,368
276,356
276,353
276,57
276,311
276,682
188,8
188,582
188,336
188,337
188,311
188,57
188,208
188,276
188,23
188,91
188,39
188,540
188,378
188,666
188,368
188,373
188,411
188,383
188,283
188,143
8,188
8,470
8,336
8,345
8,311
8,521
8,474
8,634
8,368
8,57
8,39
8,564
8,118
8,573
8,237
8,512
8,373
8,378
8,243
8,633
336,512
336,8
336,345
336,172
336,521
336,311
336,236
336,188
336,564
336,480
336,368
336,373
336,6
336,319
336,11
336,239
336,107
336,235
336,92
336,39
57,383
57,666
57,208
57,348
57,111
57,352
57,303
57,24
57,27
57,296
57,353
57,166
57,243
57,557
57,283
57,61
57,582
57,293
57,234
57,124
208,303
208,348
208,57
208,352
208,383
208,296
208,166
208,666
208,24
208,118
208,557
208,27
208,277
208,111
208,124
208,243
208,293
208,85
208,283
208,647
91,188
91,378
91,666
91,384
91,57
91,603
91,243
91,193
91,208
91,361
91,39
91,218
91,353
91,474
91,337
91,329
91,383
91,564
91,368
91,418
540,28
540,594
540,287
540,102
540,154
540,589
540,93
540,276
540,548
540,528
540,330
540,417
540,438
540,188
540,602
540,669
540,616
540,431
540,141
540,374
378,35
378,636
378,368
378,37
378,118
378,348
378,218
378,584
378,666
378,1
378,188
378,208
378,243
378,91
378,57
378,337
378,8
378,474
378,557
378,480
143,58
143,581
143,526
143,233
143,156
143,342
143,419
143,571
143,499
143,140
143,199
143,402
143,23
143,232
143,459
143,2
143,63
143,255
143,542
143,411
403,409
403,222
403,218
403,608
403,400
403,555
403,142
403,651
403,396
403,125
403,554
403,404
403,394
403,542
403,133
403,365
403,40
403,399
403,114
403,457
409,179
409,218
409,608
409,125
409,365
409,87
409,142
409,400
409,145
409,555
409,399
409,186
409,21
409,410
409,119
409,133
409,222
409,403
409,663
409,13
179,195
179,409
179,26
179,51
179,307
179,672
179,125
179,432
179,87
179,263
179,19
179,21
179,186
179,145
179,608
179,410
179,86
179,492
179,556
179,142
218,365
218,142
218,409
218,40
218,663
218,298
218,190
218,624
218,133
218,453
218,457
218,119
218,248
218,213
218,400
218,162
218,144
218,506
218,608
218,288
608,409
608,638
608,125
608,142
608,186
608,218
608,87
608,179
608,217
608,222
608,453
608,556
608,26
608,195
608,113
608,455
608,144
608,506
608,365
608,403
125,453
125,26
125,217
125,195
125,179
125,409
125,556
125,455
125,638
125,186
125,492
125,87
125,145
125,608
125,113
125,297
125,410
125,142
125,661
125,144
365,218
365,663
365,298
365,453
365,433
365,409
365,190
365,506
365,314
365,259
365,624
365,40
365,119
365,288
365,492
365,133
365,142
365,12
365,308
365,309
87,26
87,186
87,492
87,453
87,410
87,195
87,455
87,142
87,556
87,19
87,113
87,409
87,179
87,297
87,21
87,12
87,638
87,125
87,217
87,506
142,218
142,453
142,87
142,455
142,186
142,492
142,410
142,409
142,144
142,12
142,506
142,365
142,26
142,556
142,638
142,608
142,113
142,119
142,663
142,19
400,409
400,162
400,35
400,555
400,103
400,404
400,13
400,133
400,218
400,235
400,399
400,681
400,327
400,457
400,507
400,231
400,542
400,396
400,403
400,341
145,226
145,244
145,492
145,664
145,663
145,125
145,81
145,294
145,503
145,409
145,179
145,632
145,407
145,491
145,556
145,308
145,572
145,87
145,576
145,365
555,409
555,400
555,13
555,399
555,35
555,103
555,681
555,162
555,231
555,457
555,218
555,507
555,396
555,404
555,40
555,133
555,642
555,503
555,286
555,358
399,13
399,642
399,409
399,681
399,400
399,405
399,555
399,398
399,457
399,406
399,286
399,631
399,341
399,396
399,358
399,35
399,162
399,641
399,133
399,507
186,453
186,455
186,26
186,217
186,556
186,87
186,638
186,113
186,297
186,492
186,410
186,195
186,142
186,125
186,144
186,179
186,661
186,19
186,464
186,677
21,26
21,195
21,87
21,179
21,307
21,410
21,409
21,19
21,86
21,219
21,223
21,186
21,672
21,259
21,142
21,218
21,588
21,51
21,574
21,492
410,26
410,87
410,453
410,492
410,19
410,455
410,195
410,186
410,556
410,113
410,86
410,142
410,21
410,506
410,663
410,12
410,179
410,307
410,89
410,672
119,12
119,453
119,463
119,663
119,492
119,365
119,506
119,218
119,467
119,308
119,142
119,624
119,455
119,87
119,190
119,409
119,186
119,113
119,410
119,298
133,250
133,365
133,409
133,218
133,433
133,457
133,400
133,52
133,259
133,341
133,624
133,13
133,467
133,162
133,184
133,579
133,641
133,253
133,82
133,665
222,608
222,409
222,404
222,217
222,403
222,638
222,218
222,661
222,436
222,468
222,125
222,36
222,186
222,515
222,144
222,556
222,25
222,365
222,651
222,393
663,492
663,453
663,218
663,12
663,145
663,365
663,175
663,308
663,279
663,298
663,433
663,123
663,74
663,506
663,632
663,295
663,119
663,463
663,466
663,291
13,405
13,681
13,406
13,642
13,399
13,631
13,396
13,286
13,641
13,35
13,457
13,231
13,398
13,409
13,400
13,555
13,40
13,553
13,15
13,341
651,468
651,323
651,218
651,222
651,403
651,40
651,542
651,543
651,608
651,365
651,404
651,137
651,400
651,144
651,84
651,288
651,23
651,394
651,409
651,613
468,366
468,40
468,477
468,404
468,613
468,543
468,323
468,222
468,137
468,288
468,651
468,84
468,218
468,32
468,189
468,445
468,365
468,171
468,585
468,269
323,84
323,565
323,340
323,468
323,504
323,189
323,171
323,445
323,218
323,651
323,173
323,426
323,211
323,40
323,137
323,543
323,435
323,608
323,404
323,676
40,405
40,218
40,223
40,468
40,457
40,298
40,676
40,396
40,365
40,288
40,248
40,613
40,309
40,681
40,445
40,433
40,13
40,409
40,598
40,588
543,269
543,241
543,189
543,468
543,171
543,626
543,97
543,227
543,323
543,272
543,340
543,665
543,667
543,651
543,511
543,314
543,445
543,222
543,680
543,534
404,585
404,400
404,103
404,41
404,614
404,222
404,461
404,409
404,35
404,129
404,468
404,14
404,441
404,235
404,542
404,162
404,608
404,40
404,555
404,231
137,468
137,84
137,40
137,613
137,477
137,171
137,218
137,323
137,445
137,651
137,404
137,189
137,126
137,673
137,223
137,340
137,543
137,241
137,222
137,181
144,453
144,638
144,217
144,455
144,297
144,677
144,113
144,186
144,48
144,556
144,463
144,523
144,661
144,492
144,142
144,506
144,434
144,218
144,26
144,291
84,323
84,14
84,468
84,41
84,543
84,173
84,40
84,651
84,103
84,137
84,648
84,171
84,222
84,404
84,673
84,340
84,541
84,676
84,613
84,401
394,169
394,478
394,623
394,47
394,362
394,73
394,114
394,456
394,128
394,218
394,59
394,223
394,76
394,409
394,77
394,403
394,130
394,142
394,210
394,170
613,40
613,468
613,223
613,34
613,665
613,659
613,137
613,288
613,309
613,366
613,405
613,643
613,651
613,298
613,433
613,543
613,32
613,227
613,598
613,323
396,13
396,218
396,40
396,457
396,405
396,248
396,409
396,223
396,365
396,212
396,142
396,133
396,676
396,445
396,259
396,399
396,588
396,400
396,555
396,681
457,405
457,13
457,40
457,218
457,396
457,133
457,248
457,259
457,409
457,365
457,681
457,223
457,579
457,212
457,676
457,555
457,399
457,588
457,52
457,400
405,681
405,13
405,229
405,676
405,223
405,40
405,505
405,588
405,286
405,574
405,641
405,457
405,494
405,268
405,396
405,553
405,167
405,259
405,358
405,210
248,218
248,396
248,457
248,253
248,365
248,467
248,40
248,448
248,624
248,579
248,133
248,212
248,298
248,400
248,314
248,110
248,405
248,162
248,409
248,259
223,676
223,405
223,574
223,40
223,588
223,210
223,445
223,218
223,494
223,681
223,21
223,13
223,126
223,34
223,396
223,30
223,259
223,457
223,219
223,169
212,248
212,457
212,396
212,218
212,253
212,448
212,110
212,13
212,308
212,259
212,629
212,365
212,314
212,649
212,405
212,445
212,579
212,467
212,399
212,44
676,405
676,223
676,588
676,40
676,445
676,340
676,681
676,289
676,641
676,13
676,574
676,171
676,210
676,259
676,97
676,286
676,219
676,648
676,494
676,396
445,340
445,171
445,189
445,426
445,676
445,219
445,126
445,223
445,565
445,314
445,289
445,588
445,241
445,40
445,397
445,259
445,218
445,213
445,405
445,313
259,314
259,365
259,219
259,223
259,250
259,405
259,88
259,588
259,433
259,97
259,289
259,133
259,457
259,210
259,409
259,676
259,445
259,494
259,40
259,663
588,223
588,405
588,676
588,259
588,340
588,445
588,21
588,681
588,40
588,219
588,574
588,289
588,286
588,210
588,126
588,457
588,171
588,494
588,314
588,396
681,641
681,286
681,505
681,494
681,13
681,405
681,103
681,507
681,229
681,631
681,310
681,35
681,358
681,544
681,346
681,231
681,514
681,642
681,671
681,369
554,25
554,222
554,436
554,403
554,608
554,255
554,638
554,409
554,36
554,325
554,150
554,142
554,125
554,186
554,404
554,542
554,556
554,144
554,651
554,515
25,36
25,401
25,222
25,515
25,554
25,595
25,393
25,436
25,403
25,452
25,608
25,404
25,43
25,125
25,559
25,503
25,255
25,409
25,54
25,428
436,363
436,595
436,515
436,658
436,389
436,452
436,556
436,638
436,455
436,393
436,430
436,217
436,535
436,36
436,312
436,113
436,26
436,125
436,249
436,186
255,325
255,554
255,25
255,23
255,222
255,305
255,515
255,411
255,351
255,558
255,436
255,509
255,264
255,403
255,191
255,542
255,422
255,651
255,543
255,2
638,455
638,217
638,453
638,297
638,556
638,434
638,677
638,113
638,463
638,661
638,186
638,60
638,464
638,144
638,159
638,492
638,481
638,506
638,26
638,48
36,401
36,393
36,515
36,25
36,436
36,452
36,595
36,222
36,428
36,608
36,403
36,658
36,217
36,409
36,363
36,404
36,155
36,125
36,662
36,430
150,679
150,498
150,151
150,660
150,611
150,157
150,607
150,575
150,442
150,497
150,415
150,606
150,108
150,306
150,196
150,317
150,552
150,422
150,361
150,554
556,217
556,455
556,297
556,453
556,638
556,113
556,186
556,434
556,464
556,492
556,60
556,26
556,677
556,661
556,430
556,87
556,452
556,155
556,144
556,125
515,658
515,452
515,217
515,436
515,662
515,393
515,155
515,36
515,363
515,50
515,428
515,430
515,509
515,556
515,595
515,455
515,638
515,115
515,25
515,644
114,394
114,169
114,478
114,409
114,365
114,133
114,218
114,396
114,681
114,405
114,229
114,400
114,403
114,433
114,623
114,52
114,555
114,253
114,314
114,457
169,394
169,47
169,623
169,478
169,73
169,290
169,76
169,128
169,456
169,362
169,66
169,114
169,405
169,610
169,130
169,59
169,223
169,681
169,229
169,574
478,623
478,47
478,394
478,610
478,362
478,169
478,456
478,73
478,130
478,59
478,76
478,128
478,114
478,77
478,66
478,72
478,684
478,198
478,218
478,83
229,405
229,681
229,505
229,358
229,230
229,574
229,503
229,169
229,13
229,409
229,514
229,201
229,40
229,223
229,286
229,174
229,676
229,502
229,588
229,553
433,298
433,663
433,467
433,300
433,510
433,365
433,665
433,517
433,184
433,4
433,659
433,204
433,309
433,88
433,82
433,624
433,598
433,133
433,291
433,220
623,47
623,478
623,59
623,130
623,610
623,456
623,73
623,394
623,169
623,76
623,362
623,128
623,273
623,684
623,66
623,290
623,546
623,77
623,198
623,72
52,231
52,681
52,133
52,341
52,579
52,507
52,624
52,671
52,162
52,501
52,457
52,400
52,35
52,13
52,467
52,365
52,652
52,437
52,631
52,298
253,624
253,308
253,110
253,365
253,467
253,248
253,314
253,425
253,218
253,133
253,579
253,433
253,298
253,259
253,190
253,119
253,68
253,212
253,375
253,457
314,189
314,190
314,626
314,365
314,289
314,272
314,259
314,433
314,171
314,445
314,298
314,506
314,340
314,219
314,97
314,667
314,68
314,269
314,427
314,205
435,357
435,298
435,218
435,624
435,361
435,288
435,309
435,365
435,190
435,467
435,68
435,400
435,162
435,133
435,248
435,327
435,582
435,110
435,253
435,433
624,298
624,467
624,579
624,175
624,288
624,598
624,309
624,365
624,490
624,218
624,433
624,308
624,659
624,190
624,663
624,253
624,133
624,220
624,68
624,53
467,579
467,624
467,308
467,298
467,82
467,598
467,490
467,110
467,433
467,253
467,663
467,119
467,365
467,175
467,248
467,309
467,220
467,133
467,134
467,52
579,82
579,467
579,490
579,624
579,53
579,598
579,308
579,659
579,298
579,220
579,52
579,110
579,253
579,433
579,309
579,663
579,365
579,133
579,119
579,251
308,253
308,622
308,624
308,663
308,467
308,248
308,110
308,583
308,119
308,131
308,218
308,162
308,425
308,365
308,212
308,158
308,492
308,314
308,396
308,649
82,579
82,598
82,467
82,88
82,433
82,250
82,624
82,224
82,298
82,220
82,494
82,308
82,425
82,490
82,259
82,663
82,365
82,133
82,119
82,204
598,659
598,298
598,288
598,309
598,53
598,204
598,82
598,70
598,624
598,300
598,579
598,220
598,62
598,563
598,433
598,467
598,215
598,665
598,663
598,40
490,579
490,467
490,624
490,53
490,298
490,659
490,82
490,598
490,308
490,62
490,309
490,220
490,120
490,52
490,134
490,471
490,663
490,365
490,288
490,375
110,253
110,467
110,308
110,624
110,248
110,579
110,212
110,82
110,425
110,365
110,162
110,119
110,457
110,396
110,218
110,133
110,314
110,131
110,68
110,341
220,598
220,579
220,433
220,298
220,663
220,309
220,82
220,624
220,467
220,659
220,88
220,517
220,279
220,563
220,40
220,53
220,365
220,175
220,475
220,510
134,450
134,437
134,467
134,308
134,624
134,421
134,579
134,244
134,175
134,52
134,133
134,119
134,235
134,82
134,158
134,162
134,139
134,11
134,285
134,490
659,598
659,53
659,563
659,298
659,471
659,55
659,309
659,70
659,204
659,62
659,288
659,489
659,624
659,592
659,670
659,561
659,433
659,665
659,579
659,570
53,659
53,563
53,471
53,598
53,62
53,579
53,120
53,593
53,55
53,298
53,301
53,490
53,650
53,561
53,70
53,592
53,624
53,309
53,82
53,467
563,659
563,53
563,598
563,471
563,62
563,206
563,593
563,70
563,488
563,120
563,650
563,475
563,301
563,204
563,592
563,670
563,220
563,309
563,561
563,298
471,593
471,120
471,659
471,592
471,3
471,301
471,650
471,53
471,563
471,381
471,570
471,62
471,55
471,95
471,4
471,670
471,486
471,70
471,598
471,88
55,659
55,53
55,298
55,288
55,62
55,489
55,598
55,471
55,309
55,592
55,561
55,624
55,275
55,563
55,366
55,370
55,427
55,120
55,579
55,70
70,659
70,598
70,215
70,204
70,62
70,216
70,563
70,309
70,298
70,53
70,466
70,665
70,579
70,300
70,433
70,467
70,663
70,288
70,624
70,570
204,659
204,598
204,433
204,665
204,570
204,82
204,215
204,70
204,88
204,510
204,214
204,298
204,216
204,309
204,62
204,300
204,517
204,250
204,4
204,288
62,659
62,53
62,563
62,471
62,598
62,139
62,370
62,120
62,70
62,309
62,298
62,592
62,433
62,204
62,624
62,467
62,593
62,437
62,3
62,561
489,288
489,659
489,298
489,309
489,38
489,139
489,55
489,598
489,62
489,433
489,53
489,437
489,301
489,624
489,328
489,70
489,421
489,561
489,563
489,116
592,471
592,659
592,593
592,53
592,563
592,3
592,486
592,62
592,120
592,370
592,392
592,55
592,650
592,301
592,598
592,670
592,101
592,561
592,309
592,70
670,659
670,598
670,570
670,563
670,88
670,471
670,4
670,53
670,433
670,70
670,298
670,204
670,123
670,592
670,517
670,279
670,561
670,309
670,301
670,62
561,659
561,53
561,298
561,563
561,598
561,486
561,62
561,70
561,309
561,288
561,55
561,624
561,101
561,489
561,370
561,300
561,275
561,670
561,592
561,471
665,300
665,214
665,215
665,534
665,216
665,184
665,250
665,659
665,433
665,204
665,45
665,291
665,364
665,590
665,421
665,309
665,288
665,298
665,4
665,570
570,88
570,659
570,204
570,471
570,545
570,670
570,4
570,97
570,215
570,665
570,510
570,600
570,216
570,598
570,70
570,517
570,433
570,251
570,605
570,334
190,453
190,56
190,213
190,523
190,463
190,314
190,365
190,298
190,677
190,506
190,218
190,189
190,300
190,426
190,427
190,68
190,291
190,144
190,433
190,455
453,455
453,217
453,297
453,463
453,638
453,677
453,113
453,434
453,492
453,556
453,144
453,506
453,60
453,186
453,48
453,12
453,481
453,523
453,26
453,464
56,181
56,481
56,190
56,463
56,213
56,453
56,302
56,60
56,48
56,523
56,242
56,176
56,217
56,297
56,677
56,159
56,597
56,189
56,426
56,511
213,181
213,190
213,481
213,48
213,426
213,176
213,453
213,302
213,126
213,463
213,218
213,297
213,189
213,523
213,168
213,677
213,144
213,217
213,295
213,56
523,453
523,463
523,292
523,29
523,657
523,455
523,272
523,677
523,217
523,511
523,190
523,177
523,481
523,297
523,506
523,113
523,144
523,638
523,48
523,10
463,453
463,481
463,455
463,60
463,677
463,297
463,217
463,48
463,523
463,638
463,454
463,12
463,506
463,434
463,242
463,492
463,181
463,119
463,663
463,159
677,453
677,297
677,455
677,60
677,217
677,463
677,48
677,638
677,434
677,481
677,159
677,556
677,113
677,80
677,144
677,506
677,291
677,523
677,492
677,242
506,453
506,455
506,463
506,638
506,492
506,217
506,12
506,523
506,677
506,142
506,113
506,663
506,410
506,87
506,186
506,297
506,218
506,119
506,556
506,190
189,241
189,171
189,565
189,302
189,426
189,340
189,314
189,626
189,313
189,445
189,289
189,343
189,532
189,674
189,205
189,190
189,444
189,316
189,213
189,543
300,665
300,453
300,291
300,298
300,184
300,215
300,677
300,288
300,534
300,190
300,214
300,590
300,216
300,364
300,433
300,598
300,309
300,70
300,659
300,365
426,302
426,397
426,565
426,532
426,596
426,340
426,189
426,241
426,487
426,313
426,117
426,316
426,176
426,448
426,519
426,343
426,674
426,359
426,190
426,445
427,275
427,511
427,567
427,674
427,298
427,626
427,533
427,269
427,446
427,207
427,182
427,190
427,68
427,590
427,523
427,316
427,314
427,302
427,288
427,272
68,190
68,427
68,205
68,316
68,567
68,275
68,314
68,298
68,649
68,448
68,508
68,313
68,189
68,624
68,565
68,667
68,626
68,207
68,511
68,532
291,453
291,300
291,677
291,463
291,455
291,492
291,184
291,113
291,144
291,523
291,217
291,298
291,190
291,663
291,506
291,433
291,434
291,297
291,638
291,364
455,453
455,217
455,297
455,638
455,434
455,60
455,556
455,677
455,463
455,481
455,113
455,186
455,464
455,48
455,492
455,661
455,159
455,144
455,430
455,26
